"","Path","Site","DeploymentName","Instrument","Start_Date","End_Date","Lat","Lon","Duration","Project","Region","Project1"
"1","gs://noaa-passive-bioacoustic/onms/audio/as01/","as01","ONMS_AS01_20230317","SoundTrap 600",2023-03-17,2023-05-27,"-14.36565","-170.76308",71,"ONMS-sound","Pacific Islands","onms"
"2","gs://noaa-passive-bioacoustic/onms/audio/ci01/","ci01","ONMS_CI01_20211209","SoundTrap 500",2021-12-09,2022-04-22,"34.0436","-120.0804",134,"ONMS-sound","West Coast","onms"
"3","gs://noaa-passive-bioacoustic/onms/audio/ci01/","ci01","ONMS_CI01_20221020","SoundTrap 500",2022-10-20,2023-03-02,"34.04358","-120.08035",133,"ONMS-sound","West Coast","onms"
"4","gs://noaa-passive-bioacoustic/onms/audio/ci01/","ci01","ONMS_CI01_20231026","SoundTrap 600",2023-10-26,2024-03-08,"34.04370","-120.80538",134,"ONMS-sound","West Coast","onms"
"5","gs://noaa-passive-bioacoustic/onms/audio/ci01/","ci01","ONMS_CI01_20240308","SoundTrap 600",2024-03-08,2024-07-21,"34.04384","-120.81086",135,"ONMS-sound","West Coast","onms"
"6","gs://noaa-passive-bioacoustic/onms/audio/ci04/","ci04","ONMS_CI04_20220712","SoundTrap 500",2022-07-12,2022-10-17,"33.848","-120.1162",97,"ONMS-sound","West Coast","onms"
"7","gs://noaa-passive-bioacoustic/onms/audio/ci04/","ci04","ONMS_CI04_20221017","SoundTrap 500",2022-10-17,2023-01-31,"33.84815","-120.11631",106,"ONMS-sound","West Coast","onms"
"8","gs://noaa-passive-bioacoustic/onms/audio/ci04/","ci04","ONMS_CI04_20231215","SoundTrap 600",2023-12-15,2024-03-08,"33.84815","-120.11626",84,"ONMS-sound","West Coast","onms"
"9","gs://noaa-passive-bioacoustic/onms/audio/ci04/","ci04","ONMS_CI04_20240308","SoundTrap 600",2024-03-08,2024-07-23,"33.84815","-120.11626",137,"ONMS-sound","West Coast","onms"
"10","gs://noaa-passive-bioacoustic/onms/audio/fgb01/","fgb01","ONMS_FGB01_20230504","SoundTrap 600",2023-05-04,2023-07-14,"28.16610","-094.29650",71,"ONMS-sound","East Coast","onms"
"11","gs://noaa-passive-bioacoustic/onms/audio/fgb01/","fgb01","ONMS_FGB01_20230714","SoundTrap 600",2023-07-14,2023-09-17,"28.16610","-094.29650",65,"ONMS-sound","East Coast","onms"
"12","gs://noaa-passive-bioacoustic/onms/audio/fgb01/","fgb01","ONMS_FGB01_20240613","SoundTrap 600",2024-06-13,2024-09-19,"28.16610","-094.29650",98,"ONMS-sound","East Coast","onms"
"13","gs://noaa-passive-bioacoustic/onms/audio/fk01/","fk01","ONMS_FK01_20230314","SoundTrap 600",2023-03-14,2023-06-02,"24.43149","-081.93027",80,"ONMS-sound","East Coast","onms"
"14","gs://noaa-passive-bioacoustic/onms/audio/fk01/","fk01","ONMS_FK01_20230603","SoundTrap 600",2023-06-03,2023-10-22,"24.43149","-081.93027",141,"ONMS-sound","East Coast","onms"
"15","gs://noaa-passive-bioacoustic/onms/audio/fk01/","fk01","ONMS_FK01_20240116","SoundTrap 600",2024-01-16,2024-05-15,"24.43149","-081.93027",120,"ONMS-sound","East Coast","onms"
"16","gs://noaa-passive-bioacoustic/onms/audio/fk01/","fk01","ONMS_FK01_20240515","SoundTrap 600",2024-05-15,2024-09-18,"24.43149","-081.93027",126,"ONMS-sound","East Coast","onms"
"17","gs://noaa-passive-bioacoustic/onms/audio/fk01/","fk01","ONMS_FK01_20240918","SoundTrap 600",2024-09-18,2025-01-14,"24.43149","-081.93027",118,"ONMS-sound","East Coast","onms"
"18","gs://noaa-passive-bioacoustic/onms/audio/fk05/","fk05","ONMS_FK05_20230314","SoundTrap 600",2023-03-14,2023-08-02,"24.45778","-081.84337",141,"ONMS-sound","East Coast","onms"
"19","gs://noaa-passive-bioacoustic/onms/audio/fk05/","fk05","ONMS_FK05_20230802","SoundTrap 600",2023-08-02,2023-12-08,"24.45778","-081.84337",128,"ONMS-sound","East Coast","onms"
"20","gs://noaa-passive-bioacoustic/onms/audio/fk05/","fk05","ONMS_FK05_20240116","SoundTrap 600",2024-01-16,2024-05-15,"24.45778","-081.84337",120,"ONMS-sound","East Coast","onms"
"21","gs://noaa-passive-bioacoustic/onms/audio/fk05/","fk05","ONMS_FK05_20240515","SoundTrap 600",2024-05-15,2024-09-18,"24.45778","-081.84337",126,"ONMS-sound","East Coast","onms"
"22","gs://noaa-passive-bioacoustic/onms/audio/fk05/","fk05","ONMS_FK05_20240918","SoundTrap 600",2024-09-18,2025-01-14,"24.45778","-081.84337",118,"ONMS-sound","East Coast","onms"
"23","gs://noaa-passive-bioacoustic/onms/audio/fk06/","fk06","ONMS_FK06_20240515","SoundTrap 600",2024-05-15,2024-09-18,"24.45296","-081.85752",126,"ONMS-sound","East Coast","onms"
"24","gs://noaa-passive-bioacoustic/onms/audio/fk07/","fk07","ONMS_FK07_20240515","SoundTrap 600",2024-05-15,2024-09-18,"24.45032","-081.87824",126,"ONMS-sound","East Coast","onms"
"25","gs://noaa-passive-bioacoustic/onms/audio/fk07/","fk07","ONMS_FK07_20240919","SoundTrap 600",2024-09-19,2025-01-14,"24.45032","-081.87824",117,"ONMS-sound","East Coast","onms"
"26","gs://noaa-passive-bioacoustic/onms/audio/gr01/","gr01","ONMS_GR01_20230106","SoundTrap 600",2023-01-06,2023-06-25,"31.39642","-080.89040",170,"ONMS-sound","East Coast","onms"
"27","gs://noaa-passive-bioacoustic/onms/audio/gr01/","gr01","ONMS_GR01_20230726","SoundTrap 600",2023-07-26,2023-11-30,"31.39642","-080.89040",127,"ONMS-sound","East Coast","onms"
"28","gs://noaa-passive-bioacoustic/onms/audio/gr01/","gr01","ONMS_GR01_20231130","SoundTrap 600",2023-11-30,2024-04-08,"31.39642","-080.89040",130,"ONMS-sound","East Coast","onms"
"29","gs://noaa-passive-bioacoustic/onms/audio/gr01/","gr01","ONMS_GR01_20240417","SoundTrap 600",2024-04-17,2024-08-29,"31.39642","-080.89040",134,"ONMS-sound","East Coast","onms"
"30","gs://noaa-passive-bioacoustic/onms/audio/gr01/","gr01","ONMS_GR01_20240829","SoundTrap 600",2024-08-29,2025-02-16,"31.39642","-080.89040",171,"ONMS-sound","East Coast","onms"
"31","gs://noaa-passive-bioacoustic/onms/audio/hi01/","hi01","ONMS_HI01_20221201","SoundTrap 600",2022-12-01,2023-05-10,"20.80687","-156.65541",160,"ONMS-sound","Pacific Islands","onms"
"32","gs://noaa-passive-bioacoustic/onms/audio/hi01/","hi01","ONMS_HI01_20231201","SoundTrap 600",2023-12-01,2024-05-08,"20.80614","-156.65531",159,"ONMS-sound","Pacific Islands","onms"
"33","gs://noaa-passive-bioacoustic/onms/audio/hi03/","hi03","ONMS_HI03_20221201","SoundTrap 600",2022-12-01,2023-05-02,"21.28538","-157.59987",152,"ONMS-sound","Pacific Islands","onms"
"34","gs://noaa-passive-bioacoustic/onms/audio/hi03/","hi03","ONMS_HI03_20231201","SoundTrap 600",2023-11-30,2024-05-22,"21.28567","-157.59983",174,"ONMS-sound","Pacific Islands","onms"
"35","gs://noaa-passive-bioacoustic/onms/audio/hi04/","hi04","ONMS_HI04_20221201","SoundTrap 600",2022-12-01,2023-05-26,"22.26347","-159.58639",176,"ONMS-sound","Pacific Islands","onms"
"36","gs://noaa-passive-bioacoustic/onms/audio/hi04/","hi04","ONMS_HI04_20231201","SoundTrap 600",2023-12-01,2024-05-28,"22.26347","-159.58639",179,"ONMS-sound","Pacific Islands","onms"
"37","gs://noaa-passive-bioacoustic/onms/audio/hi08/","hi08","ONMS_HI08_20230108","SoundTrap 500",2023-01-08,2023-06-17,"20.07866","-155.87263",160,"ONMS-sound","Pacific Islands","onms"
"38","gs://noaa-passive-bioacoustic/onms/audio/hi08/","hi08","ONMS_HI08_20231204","SoundTrap 500",2023-12-04,2024-05-14,"20.07655","-155.87108",162,"ONMS-sound","Pacific Islands","onms"
"39","gs://noaa-passive-bioacoustic/onms/audio/mb01/","mb01","ONMS_MB01_20220630","SoundTrap 500",2022-06-30,2022-11-23,"36.798","-121.9759",146,"ONMS-sound","West Coast","onms"
"40","gs://noaa-passive-bioacoustic/onms/audio/mb01/","mb01","ONMS_MB01_20230203","SoundTrap 600",2023-02-03,2023-08-17,"36.7984","-121.9758",195,"ONMS-sound","West Coast","onms"
"41","gs://noaa-passive-bioacoustic/onms/audio/mb02/","mb02","ONMS_MB02_20220630","SoundTrap 500",2022-06-30,2022-12-10,"36.6481","-121.9079",163,"ONMS-sound","West Coast","onms"
"42","gs://noaa-passive-bioacoustic/onms/audio/mb02/","mb02","ONMS_MB02_20230203","SoundTrap 600",2022-06-30,2023-07-30,"36.648","-121.9077",395,"ONMS-sound","West Coast","onms"
"43","gs://noaa-passive-bioacoustic/onms/audio/mb02/","mb02","SanctSound_MB02_10","SoundTrap 500",2022-01-28,2022-05-10,"36.6481","-121.9079",102,"ONMS-sound","West Coast","onms"
"44","gs://noaa-passive-bioacoustic/onms/audio/mb03/","mb03","SanctSound_MB03_05_disk01","HARP",2021-06-02,2021-12-24,"36.37027","-122.31482",205,"ONMS-sound","West Coast","onms"
"45","gs://noaa-passive-bioacoustic/onms/audio/mb03/","mb03","SanctSound_MB03_05_disk02","HARP",2021-06-02,2021-12-24,"36.37027","-122.31482",205,"ONMS-sound","West Coast","onms"
"46","gs://noaa-passive-bioacoustic/onms/audio/mb03/","mb03","SanctSound_MB03_05_disk03","HARP",2021-06-02,2021-12-24,"36.37027","-122.31482",205,"ONMS-sound","West Coast","onms"
"47","gs://noaa-passive-bioacoustic/onms/audio/mb03/","mb03","SanctSound_MB03_05_disk04","HARP",2021-06-02,2021-12-24,"36.37027","-122.31482",205,"ONMS-sound","West Coast","onms"
"48","gs://noaa-passive-bioacoustic/onms/audio/oc02/","oc02","ONMS_OC02_20220521","SoundTrap 500",2022-05-21,2022-09-23,"48.49015","-125.00401",125,"ONMS-sound","West Coast","onms"
"49","gs://noaa-passive-bioacoustic/onms/audio/oc02/","oc02","ONMS_OC02_20220923","SoundTrap 500",2022-09-23,2023-02-27,"48.4904","-125.00373",157,"ONMS-sound","West Coast","onms"
"50","gs://noaa-passive-bioacoustic/onms/audio/oc02/","oc02","ONMS_OC02_20230101","SoundTrap 500",2023-01-01,2023-05-27,"48.4904","-125.00373",146,"ONMS-sound","West Coast","onms"
"51","gs://noaa-passive-bioacoustic/onms/audio/oc02/","oc02","ONMS_OC02_20230512","SoundTrap 600",2023-05-12,2023-10-02,"48.4904","-125.004",143,"ONMS-sound","West Coast","onms"
"52","gs://noaa-passive-bioacoustic/onms/audio/oc02/","oc02","ONMS_OC02_20231002","SoundTrap 600",2023-10-02,2024-03-15,"48.4904","-125.004",165,"ONMS-sound","West Coast","onms"
"53","gs://noaa-passive-bioacoustic/onms/audio/oc02/","oc02","ONMS_OC02_20240129","SoundTrap 600",2024-01-29,2024-05-08,"48.4904","-125.004",100,"ONMS-sound","West Coast","onms"
"54","gs://noaa-passive-bioacoustic/onms/audio/oc02/","oc02","ONMS_OC02_20240508","SoundTrap 600",2024-05-08,2024-09-18,"48.4904","-125.004",133,"ONMS-sound","West Coast","onms"
"56","gs://noaa-passive-bioacoustic/onms/audio/pm01/","pm01","ONMS_PM01_20221001","SoundTrap 500",2022-09-30,2023-07-04,"22.66226","-161.04203",277,"ONMS-sound","Pacific Islands","onms"
"57","gs://noaa-passive-bioacoustic/onms/audio/pm01/","pm01","ONMS_PM01_20231001","SoundTrap 600",2023-10-01,2024-06-25,"22.66241","-161.04201",268,"ONMS-sound","Pacific Islands","onms"
"58","gs://noaa-passive-bioacoustic/onms/audio/pm02/","pm02","ONMS_PM02_20221001","SoundTrap 500",2022-09-30,2023-07-06,"23.75792","-166.33478",279,"ONMS-sound","Pacific Islands","onms"
"59","gs://noaa-passive-bioacoustic/onms/audio/pm02/","pm02","ONMS_PM02_20231001","SoundTrap 600",2023-10-01,2024-07-02,"23.75794","-166.33467",275,"ONMS-sound","Pacific Islands","onms"
"60","gs://noaa-passive-bioacoustic/onms/audio/sb01/","sb01","ONMS_SB01_20220613","SoundTrap 300",2022-06-13,2022-08-26,"42.43853","-070.54575",74,"ONMS-sound","East Coast","onms"
"61","gs://noaa-passive-bioacoustic/onms/audio/sb01/","sb01","ONMS_SB01_20220826","SoundTrap 300",2022-08-26,2022-10-17,"42.43845","-070.54550",52,"ONMS-sound","East Coast","onms"
"62","gs://noaa-passive-bioacoustic/onms/audio/sb01/","sb01","ONMS_SB01_20221017","SoundTrap 300",2022-10-17,2022-12-21,"42.43835","-070.54538",65,"ONMS-sound","East Coast","onms"
"63","gs://noaa-passive-bioacoustic/onms/audio/sb01/","sb01","ONMS_SB01_20221221","SoundTrap 300",2022-12-21,2023-03-29,"42.43817","-070.54547",98,"ONMS-sound","East Coast","onms"
"64","gs://noaa-passive-bioacoustic/onms/audio/sb01/","sb01","ONMS_SB01_20230601","SoundTrap 300",2023-06-01,2023-07-31,"42.43798","-070.54568",60,"ONMS-sound","East Coast","onms"
"65","gs://noaa-passive-bioacoustic/onms/audio/sb01/","sb01","ONMS_SB01_20230731","SoundTrap 600",2023-07-31,2023-12-08,"42.43797","-070.54558",130,"ONMS-sound","East Coast","onms"
"66","gs://noaa-passive-bioacoustic/onms/audio/sb01/","sb01","ONMS_SB01_20231208","SoundTrap 600",2023-12-08,2024-05-24,"42.43712","-070.54508",168,"ONMS-sound","East Coast","onms"
"67","gs://noaa-passive-bioacoustic/onms/audio/sb01/","sb01","ONMS_SB01_20240524","SoundTrap 600",2024-05-24,2024-09-30,"42.43775","-070.54499",129,"ONMS-sound","East Coast","onms"
"68","gs://noaa-passive-bioacoustic/onms/audio/sb01/","sb01","ONMS_SB01_20240930","SoundTrap 600",2024-09-30,2025-03-03,"42.43734","-070.54494",154,"ONMS-sound","East Coast","onms"
"69","gs://noaa-passive-bioacoustic/onms/audio/sb03/","sb03","ONMS_SB03_20220613","SoundTrap 300",2022-06-13,2022-08-19,"42.25603","-070.17842",67,"ONMS-sound","East Coast","onms"
"70","gs://noaa-passive-bioacoustic/onms/audio/sb03/","sb03","ONMS_SB03_20220826","SoundTrap 300",2022-08-26,2022-10-17,"42.25567","-070.17978",52,"ONMS-sound","East Coast","onms"
"71","gs://noaa-passive-bioacoustic/onms/audio/sb03/","sb03","ONMS_SB03_20221017","SoundTrap 300",2022-10-17,2022-12-21,"42.25558","-070.17980",65,"ONMS-sound","East Coast","onms"
"72","gs://noaa-passive-bioacoustic/onms/audio/sb03/","sb03","ONMS_SB03_20221221","SoundTrap 300",2022-12-21,2023-03-29,"42.25582","-070.17960",98,"ONMS-sound","East Coast","onms"
"73","gs://noaa-passive-bioacoustic/onms/audio/sb03/","sb03","ONMS_SB03_20230329","SoundTrap 300",2023-03-29,2023-06-01,"42.25532","-070.17987",64,"ONMS-sound","East Coast","onms"
"74","gs://noaa-passive-bioacoustic/onms/audio/sb03/","sb03","ONMS_SB03_20230601","SoundTrap 300",2023-06-01,2023-07-31,"42.25512","-070.18055",60,"ONMS-sound","East Coast","onms"
"75","gs://noaa-passive-bioacoustic/onms/audio/sb03/","sb03","ONMS_SB03_20230731_2","SoundTrap 600",2023-07-31,2023-12-08,"42.25562","-070.18025",130,"ONMS-sound","East Coast","onms"
"76","gs://noaa-passive-bioacoustic/sanctsound/audio/ci01/","ci01","SanctSound_CI01_01","SoundTrap 500",2018-10-31,2018-12-15,"34.0438","-120.0811",45,"ONMS-sound","West Coast","sanctsound"
"77","gs://noaa-passive-bioacoustic/sanctsound/audio/ci01/","ci01","SanctSound_CI01_02","SoundTrap 500",2019-03-25,2019-08-04,"34.0438","-120.08105",132,"ONMS-sound","West Coast","sanctsound"
"78","gs://noaa-passive-bioacoustic/sanctsound/audio/ci01/","ci01","SanctSound_CI01_03","SoundTrap 500",2019-08-14,2019-09-15,"34.04383","-120.081",32,"ONMS-sound","West Coast","sanctsound"
"79","gs://noaa-passive-bioacoustic/sanctsound/audio/ci01/","ci01","SanctSound_CI01_04","SoundTrap 500",2020-01-24,2020-06-04,"34.04363","-120.08073",132,"ONMS-sound","West Coast","sanctsound"
"80","gs://noaa-passive-bioacoustic/sanctsound/audio/ci01/","ci01","05","SoundTrap 500",2020-06-04,2020-10-10,"34.0463","-120.08073",128,"ONMS-sound","West Coast","sanctsound"
"81","gs://noaa-passive-bioacoustic/sanctsound/audio/ci01/","ci01","06","SoundTrap 500",2020-10-22,2021-02-23,"34.00438","-120.0810",124,"ONMS-sound","West Coast","sanctsound"
"82","gs://noaa-passive-bioacoustic/sanctsound/audio/ci01/","ci01","07","SoundTrap 500",2021-03-05,2021-07-01,"34.04358","-120.06702",118,"ONMS-sound","West Coast","sanctsound"
"83","gs://noaa-passive-bioacoustic/sanctsound/audio/ci01/","ci01","08","SoundTrap 500",2021-07-08,2021-09-11,"34.0436","-120.0803",65,"ONMS-sound","West Coast","sanctsound"
"95","gs://noaa-passive-bioacoustic/sanctsound/audio/ci04/","ci04","SanctSound_CI04_01","SoundTrap 500",2018-11-01,2018-11-28,"33.849","-120.118",27,"ONMS-sound","West Coast","sanctsound"
"96","gs://noaa-passive-bioacoustic/sanctsound/audio/ci04/","ci04","SanctSound_CI04_02","SoundTrap 500",2019-03-26,2019-08-13,"33.8489","-120.1175",140,"ONMS-sound","West Coast","sanctsound"
"97","gs://noaa-passive-bioacoustic/sanctsound/audio/ci04/","ci04","SanctSound_CI04_03","SoundTrap 500",2019-08-13,2019-11-21,"33.84888","-120.117",100,"ONMS-sound","West Coast","sanctsound"
"98","gs://noaa-passive-bioacoustic/sanctsound/audio/ci04/","ci04","SanctSound_CI04_04","SoundTrap 500",2020-01-31,2020-05-22,"33.84888","-120.117",112,"ONMS-sound","West Coast","sanctsound"
"99","gs://noaa-passive-bioacoustic/sanctsound/audio/ci04/","ci04","SanctSound_CI04_05","SoundTrap 500",2020-06-04,2020-10-22,"33.8489","-120.1171",140,"ONMS-sound","West Coast","sanctsound"
"100","gs://noaa-passive-bioacoustic/sanctsound/audio/ci04/","ci04","06","SoundTrap 500",2020-10-23,2021-03-03,"33.84887","-120.11737",131,"ONMS-sound","West Coast","sanctsound"
"101","gs://noaa-passive-bioacoustic/sanctsound/audio/ci04/","ci04","07","SoundTrap 500",2021-03-06,2021-07-30,"33.84853","-120.1161",146,"ONMS-sound","West Coast","sanctsound"
"102","gs://noaa-passive-bioacoustic/sanctsound/audio/ci04/","ci04","08","SoundTrap 500",2021-07-30,2021-11-14,"33.8485","-120.1159",107,"ONMS-sound","West Coast","sanctsound"
"112","gs://noaa-passive-bioacoustic/sanctsound/audio/fk01/","fk01","SanctSound_FK01_01","SoundTrap 500",2018-12-18,2018-12-20,"24.43313","-81.93068",2,"ONMS-sound","East Coast","sanctsound"
"113","gs://noaa-passive-bioacoustic/sanctsound/audio/fk01/","fk01","SanctSound_FK01_04","SoundTrap 500",2020-02-20,2020-06-12,"24.43313","-81.93068",113,"ONMS-sound","East Coast","sanctsound"
"114","gs://noaa-passive-bioacoustic/sanctsound/audio/fk01/","fk01","06","SoundTrap 500",2020-10-30,2021-02-06,"24.43313","-081.93068",99,"ONMS-sound","East Coast","sanctsound"
"115","gs://noaa-passive-bioacoustic/sanctsound/audio/fk01/","fk01","07","SoundTrap 500",2021-03-17,2021-04-25,"24.43313","-081.93068",39,"ONMS-sound","East Coast","sanctsound"
"116","gs://noaa-passive-bioacoustic/sanctsound/audio/fk01/","fk01","08","SoundTrap 500",2021-04-26,2021-08-14,"24.43313","-081.93068",110,"ONMS-sound","East Coast","sanctsound"
"117","gs://noaa-passive-bioacoustic/sanctsound/audio/fk01/","fk01","09","SoundTrap 500",2021-08-17,2021-09-18,"24.43313","-081.93068",32,"ONMS-sound","East Coast","sanctsound"
"118","gs://noaa-passive-bioacoustic/sanctsound/audio/fk01/","fk01","10","SoundTrap 500",2021-12-06,2022-02-20,"24.43313","-081.93068",76,"ONMS-sound","East Coast","sanctsound"
"119","gs://noaa-passive-bioacoustic/sanctsound/audio/fk01/","fk01","11","SoundTrap 500",2022-03-10,2022-06-15,"24.43313","-081.93068",97,"ONMS-sound","East Coast","sanctsound"
"132","gs://noaa-passive-bioacoustic/sanctsound/audio/gr01/","gr01","SanctSound_GR01_01","SoundTrap 500",2018-12-13,2019-05-01,"31.396417","-80.8904",139,"ONMS-sound","East Coast","sanctsound"
"133","gs://noaa-passive-bioacoustic/sanctsound/audio/gr01/","gr01","2","SoundTrap 500",2019-05-01,2019-09-20,"31.39641","-80.8904",142,"ONMS-sound","East Coast","sanctsound"
"134","gs://noaa-passive-bioacoustic/sanctsound/audio/gr01/","gr01","SanctSound_GR01_03","SoundTrap 500",2019-09-29,2020-01-13,"31.39641","-80.8904",106,"ONMS-sound","East Coast","sanctsound"
"135","gs://noaa-passive-bioacoustic/sanctsound/audio/gr01/","gr01","SanctSound_GR01_04","SoundTrap 500",2020-01-29,2020-05-20,"31.39641","-80.8904",112,"ONMS-sound","East Coast","sanctsound"
"136","gs://noaa-passive-bioacoustic/sanctsound/audio/gr01/","gr01","05","SoundTrap 500",2020-09-28,2021-02-14,"31.39641","-080.89040",139,"ONMS-sound","East Coast","sanctsound"
"137","gs://noaa-passive-bioacoustic/sanctsound/audio/gr01/","gr01","06","SoundTrap 500",2021-04-18,2021-08-12,"31.39641","-080.89040",116,"ONMS-sound","East Coast","sanctsound"
"138","gs://noaa-passive-bioacoustic/sanctsound/audio/gr01/","gr01","07","SoundTrap 500",2021-11-02,2022-02-11,"31.39641","-080.89040",101,"ONMS-sound","East Coast","sanctsound"
"148","gs://noaa-passive-bioacoustic/sanctsound/audio/hi01/","hi01","SanctSound_HI01_01","SoundTrap 500",2018-11-29,2019-05-08,"20.807567","-156.65615",160,"ONMS-sound","Pacific Islands","sanctsound"
"149","gs://noaa-passive-bioacoustic/sanctsound/audio/hi01/","hi01","SanctSound_HI01_02","SoundTrap 500",2019-12-01,2020-04-14,"20.80734","-156.65543",135,"ONMS-sound","Pacific Islands","sanctsound"
"150","gs://noaa-passive-bioacoustic/sanctsound/audio/hi01/","hi01","03","SoundTrap 500",2020-11-30,2021-04-23,"20.80698","-156.65473",144,"ONMS-sound","Pacific Islands","sanctsound"
"151","gs://noaa-passive-bioacoustic/sanctsound/audio/hi01/","hi01","04","SoundTrap 500",2021-12-01,2022-04-09,"20.80709","-156.65567",129,"ONMS-sound","Pacific Islands","sanctsound"
"152","gs://noaa-passive-bioacoustic/sanctsound/audio/hi03/","hi03","SanctSound_HI03_01","SoundTrap 500",2018-11-08,2019-01-19,"21.2852","-157.599983",72,"ONMS-sound","Pacific Islands","sanctsound"
"153","gs://noaa-passive-bioacoustic/sanctsound/audio/hi03/","hi03","SanctSound_HI03_02a","SoundTrap 500",2019-12-01,2020-01-30,"21.28542","-157.60012",60,"ONMS-sound","Pacific Islands","sanctsound"
"154","gs://noaa-passive-bioacoustic/sanctsound/audio/hi03/","hi03","SanctSound_HI03_02b","SoundTrap 500",2020-01-30,2020-06-03,"21.28542","-157.60012",125,"ONMS-sound","Pacific Islands","sanctsound"
"155","gs://noaa-passive-bioacoustic/sanctsound/audio/hi03/","hi03","03","SoundTrap 500",2020-11-30,2021-05-07,"21.28542","-157.60012",158,"ONMS-sound","Pacific Islands","sanctsound"
"156","gs://noaa-passive-bioacoustic/sanctsound/audio/hi03/","hi03","04","SoundTrap 500",2021-12-02,2022-05-02,"21.28532","-157.60005",151,"ONMS-sound","Pacific Islands","sanctsound"
"157","gs://noaa-passive-bioacoustic/sanctsound/audio/hi04/","hi04","SanctSound_HI04_01","SoundTrap 500",2018-11-24,2019-01-14,"22.263528","-159.586528",51,"ONMS-sound","Pacific Islands","sanctsound"
"158","gs://noaa-passive-bioacoustic/sanctsound/audio/hi04/","hi04","SanctSound_HI04_02","SoundTrap 500",2019-12-01,2020-05-12,"22.26347","-159.58639",163,"ONMS-sound","Pacific Islands","sanctsound"
"159","gs://noaa-passive-bioacoustic/sanctsound/audio/hi04/","hi04","03","SoundTrap 500",2020-12-01,2021-06-12,"22.26347","-159.58639",193,"ONMS-sound","Pacific Islands","sanctsound"
"160","gs://noaa-passive-bioacoustic/sanctsound/audio/hi04/","hi04","04","SoundTrap 500",2022-01-03,2022-06-10,"22.26347","-159.58639",158,"ONMS-sound","Pacific Islands","sanctsound"
"164","gs://noaa-passive-bioacoustic/sanctsound/audio/mb01/","mb01","SanctSound_MB01_01","SoundTrap 500",2018-11-15,2019-03-28,"36.798","-121.976",133,"ONMS-sound","West Coast","sanctsound"
"165","gs://noaa-passive-bioacoustic/sanctsound/audio/mb01/","mb01","SanctSound_MB01_02","SoundTrap 500",2019-04-08,2019-08-14,"36.798","-121.976",128,"ONMS-sound","West Coast","sanctsound"
"166","gs://noaa-passive-bioacoustic/sanctsound/audio/mb01/","mb01","SanctSound_MB01_03","SoundTrap 500",2019-08-22,2019-12-20,"36.798","-121.976",120,"ONMS-sound","West Coast","sanctsound"
"167","gs://noaa-passive-bioacoustic/sanctsound/audio/mb01/","mb01","SanctSound_MB01_04","SoundTrap 500",2019-12-21,2020-04-09,"36.798","-121.976",110,"ONMS-sound","West Coast","sanctsound"
"168","gs://noaa-passive-bioacoustic/sanctsound/audio/mb01/","mb01","05","SoundTrap 500",2020-04-17,2020-08-21,"36.7977","-121.9757",126,"ONMS-sound","West Coast","sanctsound"
"169","gs://noaa-passive-bioacoustic/sanctsound/audio/mb01/","mb01","06","SoundTrap 500",2020-08-21,2020-12-11,"36.7977","-121.9757",112,"ONMS-sound","West Coast","sanctsound"
"170","gs://noaa-passive-bioacoustic/sanctsound/audio/mb01/","mb01","07","SoundTrap 500",2020-12-11,2021-04-23,"36.81467","-121.97593",133,"ONMS-sound","West Coast","sanctsound"
"171","gs://noaa-passive-bioacoustic/sanctsound/audio/mb01/","mb01","08","SoundTrap 500",2021-04-23,2021-06-08,"36.798","-121.97607",46,"ONMS-sound","West Coast","sanctsound"
"172","gs://noaa-passive-bioacoustic/sanctsound/audio/mb01/","mb01","09","SoundTrap 500",2021-08-11,2021-11-21,"36.798","-122.9758",102,"ONMS-sound","West Coast","sanctsound"
"173","gs://noaa-passive-bioacoustic/sanctsound/audio/mb02/","mb02","SanctSound_MB02_01","SoundTrap 500",2018-11-15,2019-04-07,"36.648","-121.9084",143,"ONMS-sound","West Coast","sanctsound"
"174","gs://noaa-passive-bioacoustic/sanctsound/audio/mb02/","mb02","SanctSound_MB02_02","SoundTrap 500",2019-04-08,2019-08-11,"36.6495","-121.9084",125,"ONMS-sound","West Coast","sanctsound"
"175","gs://noaa-passive-bioacoustic/sanctsound/audio/mb02/","mb02","SanctSound_MB02_03","SoundTrap 500",2019-08-23,2019-12-20,"36.6495","-121.9084",119,"ONMS-sound","West Coast","sanctsound"
"176","gs://noaa-passive-bioacoustic/sanctsound/audio/mb02/","mb02","SanctSound_MB02_04","SoundTrap 500",2019-12-21,2020-03-22,"36.6495","-121.9084",92,"ONMS-sound","West Coast","sanctsound"
"177","gs://noaa-passive-bioacoustic/sanctsound/audio/mb02/","mb02","05","SoundTrap 500",2020-04-17,2020-08-21,"36.6484","-121.9075",126,"ONMS-sound","West Coast","sanctsound"
"178","gs://noaa-passive-bioacoustic/sanctsound/audio/mb02/","mb02","07","SoundTrap 500",2020-12-11,2021-04-23,"36.64798","-121.90792",133,"ONMS-sound","West Coast","sanctsound"
"179","gs://noaa-passive-bioacoustic/sanctsound/audio/mb02/","mb02","08","SoundTrap 500",2021-04-23,2021-08-11,"36.6482","-121.90682",110,"ONMS-sound","West Coast","sanctsound"
"180","gs://noaa-passive-bioacoustic/sanctsound/audio/mb02/","mb02","09","SoundTrap 500",2021-08-11,2021-12-28,"36.6482","-121.90687",139,"ONMS-sound","West Coast","sanctsound"
"181","gs://noaa-passive-bioacoustic/sanctsound/audio/mb03/","mb03","SanctSound_MB03_01","HARP",2018-11-15,2019-06-10,"36.3703","-122.3148",207,"ONMS-sound","West Coast","sanctsound"
"182","gs://noaa-passive-bioacoustic/sanctsound/audio/mb03/","mb03","SanctSound_MB03_02","HARP",2019-06-11,2020-01-25,"36.37021","-122.3149",228,"ONMS-sound","West Coast","sanctsound"
"183","gs://noaa-passive-bioacoustic/sanctsound/audio/mb03/","mb03","02_disk01","HARP",2019-06-11,2020-01-25,"36.37021","-122.31490",228,"ONMS-sound","West Coast","sanctsound"
"184","gs://noaa-passive-bioacoustic/sanctsound/audio/mb03/","mb03","02_disk02","HARP",2019-06-11,2020-01-25,"36.37021","-122.31490",228,"ONMS-sound","West Coast","sanctsound"
"185","gs://noaa-passive-bioacoustic/sanctsound/audio/mb03/","mb03","02_disk03","HARP",2019-06-11,2020-01-25,"36.37021","-122.31490",228,"ONMS-sound","West Coast","sanctsound"
"186","gs://noaa-passive-bioacoustic/sanctsound/audio/mb03/","mb03","02_disk04","HARP",2019-06-11,2020-01-25,"36.37021","-122.31490",228,"ONMS-sound","West Coast","sanctsound"
"187","gs://noaa-passive-bioacoustic/sanctsound/audio/mb03/","mb03","02_disk05","HARP",2019-06-11,2020-01-25,"36.37021","-122.31490",228,"ONMS-sound","West Coast","sanctsound"
"188","gs://noaa-passive-bioacoustic/sanctsound/audio/mb03/","mb03","03_disk01","HARP",2020-04-11,2020-09-21,"36.37021","-122.31490",163,"ONMS-sound","West Coast","sanctsound"
"189","gs://noaa-passive-bioacoustic/sanctsound/audio/mb03/","mb03","03_disk02","HARP",2020-04-11,2020-09-21,"36.37021","-122.31490",163,"ONMS-sound","West Coast","sanctsound"
"190","gs://noaa-passive-bioacoustic/sanctsound/audio/mb03/","mb03","03_disk03","HARP",2020-04-11,2020-09-21,"36.37021","-122.31490",163,"ONMS-sound","West Coast","sanctsound"
"191","gs://noaa-passive-bioacoustic/sanctsound/audio/mb03/","mb03","03_disk04","HARP",2020-04-11,2020-09-21,"36.37021","-122.31490",163,"ONMS-sound","West Coast","sanctsound"
"192","gs://noaa-passive-bioacoustic/sanctsound/audio/mb03/","mb03","04_disk01","HARP",2020-10-02,2021-06-01,"36.37021","-122.31490",242,"ONMS-sound","West Coast","sanctsound"
"193","gs://noaa-passive-bioacoustic/sanctsound/audio/mb03/","mb03","04_disk02","HARP",2020-10-02,2021-06-01,"36.37021","-122.31490",242,"ONMS-sound","West Coast","sanctsound"
"194","gs://noaa-passive-bioacoustic/sanctsound/audio/mb03/","mb03","04_disk03","HARP",2020-10-02,2021-06-01,"36.37021","-122.31490",242,"ONMS-sound","West Coast","sanctsound"
"195","gs://noaa-passive-bioacoustic/sanctsound/audio/mb03/","mb03","04_disk04","HARP",2020-10-02,2021-06-01,"36.37021","-122.31490",242,"ONMS-sound","West Coast","sanctsound"
"196","gs://noaa-passive-bioacoustic/sanctsound/audio/mb03/","mb03","04_disk05","HARP",2020-10-02,2021-06-01,"36.37021","-122.31490",242,"ONMS-sound","West Coast","sanctsound"
"200","gs://noaa-passive-bioacoustic/sanctsound/audio/oc02/","oc02","SanctSound_OC02_01","SoundTrap 500",2019-03-08,2019-04-24,"48.4904","-125.0038",47,"ONMS-sound","West Coast","sanctsound"
"201","gs://noaa-passive-bioacoustic/sanctsound/audio/oc02/","oc02","SanctSound_OC02_02","SoundTrap 500",2019-07-11,2019-10-30,"48.4905","-125.0039",111,"ONMS-sound","West Coast","sanctsound"
"202","gs://noaa-passive-bioacoustic/sanctsound/audio/oc02/","oc02","04","SoundTrap 500",2020-07-13,2020-10-01,"48.4903","-125.0037",80,"ONMS-sound","West Coast","sanctsound"
"203","gs://noaa-passive-bioacoustic/sanctsound/audio/oc02/","oc02","05","SoundTrap 500",2021-06-09,2021-10-28,"48.4904","-125.00385",141,"ONMS-sound","West Coast","sanctsound"
"209","gs://noaa-passive-bioacoustic/sanctsound/audio/pm01/","pm01","01","SoundTrap 500",2020-03-31,2020-06-05,"22.66151","-161.04086",66,"ONMS-sound","Pacific Islands","sanctsound"
"210","gs://noaa-passive-bioacoustic/sanctsound/audio/pm01/","pm01","02","SoundTrap 500",2020-10-01,2021-07-09,"22.66203","-161.04218",281,"ONMS-sound","Pacific Islands","sanctsound"
"211","gs://noaa-passive-bioacoustic/sanctsound/audio/pm02/","pm02","SanctSound_PM02_01","SoundTrap 500",2019-10-01,2020-06-01,"23.75715","-166.3385",244,"ONMS-sound","Pacific Islands","sanctsound"
"212","gs://noaa-passive-bioacoustic/sanctsound/audio/pm02/","pm02","02","SoundTrap 500",2020-10-01,2021-07-10,"23.75858","-166.33438",282,"ONMS-sound","Pacific Islands","sanctsound"
"214","gs://noaa-passive-bioacoustic/sanctsound/audio/sb01/","sb01","SanctSound_SB01_01","SoundTrap 300",2018-11-12,2019-01-28,"42.436838","-70.546958",77,"ONMS-sound","East Coast","sanctsound"
"215","gs://noaa-passive-bioacoustic/sanctsound/audio/sb01/","sb01","SanctSound_SB01_02","SoundTrap 300",2019-01-28,2019-04-02,"42.43668","-70.546655",64,"ONMS-sound","East Coast","sanctsound"
"216","gs://noaa-passive-bioacoustic/sanctsound/audio/sb01/","sb01","SanctSound_SB01_03","SoundTrap 300",2019-04-10,2019-06-01,"42.4371","-70.5467833",52,"ONMS-sound","East Coast","sanctsound"
"217","gs://noaa-passive-bioacoustic/sanctsound/audio/sb01/","sb01","SanctSound_SB01_04","SoundTrap 300",2019-06-01,2019-08-02,"42.43679","-70.54643",62,"ONMS-sound","East Coast","sanctsound"
"218","gs://noaa-passive-bioacoustic/sanctsound/audio/sb01/","sb01","SanctSound_SB01_05","SoundTrap 300",2019-08-02,2019-10-05,"42.43678","-70.54643",64,"ONMS-sound","East Coast","sanctsound"
"219","gs://noaa-passive-bioacoustic/sanctsound/audio/sb01/","sb01","SanctSound_SB01_06","SoundTrap 300",2019-10-05,2019-12-06,"42.43691","-70.54601",62,"ONMS-sound","East Coast","sanctsound"
"220","gs://noaa-passive-bioacoustic/sanctsound/audio/sb01/","sb01","SanctSound_SB01_07","SoundTrap 300",2019-12-06,2020-01-31,"42.43694","-70.54587",56,"ONMS-sound","East Coast","sanctsound"
"221","gs://noaa-passive-bioacoustic/sanctsound/audio/sb01/","sb01","SanctSound_SB01_08","SoundTrap 300",2020-01-31,2020-04-07,"42.43693","-70.54586",67,"ONMS-sound","East Coast","sanctsound"
"222","gs://noaa-passive-bioacoustic/sanctsound/audio/sb01/","sb01","SanctSound_SB01_09","SoundTrap 300",2020-04-07,2020-06-12,"42.43724","-70.54595",66,"ONMS-sound","East Coast","sanctsound"
"223","gs://noaa-passive-bioacoustic/sanctsound/audio/sb01/","sb01","SanctSound_SB01_10","SoundTrap 300",2020-06-12,2020-08-14,"42.43745","-70.54599",63,"ONMS-sound","East Coast","sanctsound"
"224","gs://noaa-passive-bioacoustic/sanctsound/audio/sb01/","sb01","11","SoundTrap 300",2020-08-14,2020-09-17,"42.43783","-070.54602",34,"ONMS-sound","East Coast","sanctsound"
"225","gs://noaa-passive-bioacoustic/sanctsound/audio/sb01/","sb01","12","SoundTrap 300",2020-09-17,2020-11-22,"42.43781","-070.54611",66,"ONMS-sound","East Coast","sanctsound"
"226","gs://noaa-passive-bioacoustic/sanctsound/audio/sb01/","sb01","13","SoundTrap 300",2020-11-22,2021-01-26,"42.43823","-070.54546",65,"ONMS-sound","East Coast","sanctsound"
"227","gs://noaa-passive-bioacoustic/sanctsound/audio/sb01/","sb01","14","SoundTrap 300",2021-01-26,2021-03-21,"42.43832","-070.54551",54,"ONMS-sound","East Coast","sanctsound"
"228","gs://noaa-passive-bioacoustic/sanctsound/audio/sb01/","sb01","15","SoundTrap 300",2021-03-21,2021-05-27,"42.43843","-070.54542",67,"ONMS-sound","East Coast","sanctsound"
"229","gs://noaa-passive-bioacoustic/sanctsound/audio/sb01/","sb01","16","SoundTrap 300",2021-05-27,2021-07-27,"42.43835","-070.54556",61,"ONMS-sound","East Coast","sanctsound"
"230","gs://noaa-passive-bioacoustic/sanctsound/audio/sb01/","sb01","17","SoundTrap 300",2021-07-27,2021-09-25,"42.43830","-070.54568",60,"ONMS-sound","East Coast","sanctsound"
"231","gs://noaa-passive-bioacoustic/sanctsound/audio/sb01/","sb01","18","SoundTrap 300",2021-09-25,2021-12-15,"42.43843","-070.54583",81,"ONMS-sound","East Coast","sanctsound"
"232","gs://noaa-passive-bioacoustic/sanctsound/audio/sb01/","sb01","19","SoundTrap 300",2021-12-15,2022-02-16,"42.43812","-70.54590",63,"ONMS-sound","East Coast","sanctsound"
"233","gs://noaa-passive-bioacoustic/sanctsound/audio/sb01/","sb01","20","SoundTrap 300",2022-02-16,2022-04-22,"42.43855","-070.54580",65,"ONMS-sound","East Coast","sanctsound"
"234","gs://noaa-passive-bioacoustic/sanctsound/audio/sb01/","sb01","21","SoundTrap 300",2022-04-22,2022-05-15,"42.43823","-070.54610",23,"ONMS-sound","East Coast","sanctsound"
"256","gs://noaa-passive-bioacoustic/sanctsound/audio/sb03/","sb03","SanctSound_SB03_01","SoundTrap 300",2018-11-12,2019-01-22,"42.25541","-70.178607",71,"ONMS-sound","East Coast","sanctsound"
"257","gs://noaa-passive-bioacoustic/sanctsound/audio/sb03/","sb03","SanctSound_SB03_02","SoundTrap 300",2019-01-28,2019-04-02,"42.25539","-70.178843",64,"ONMS-sound","East Coast","sanctsound"
"258","gs://noaa-passive-bioacoustic/sanctsound/audio/sb03/","sb03","SanctSound_SB03_03","SoundTrap 300",2019-04-02,2019-06-01,"42.2554067","-70.17901",60,"ONMS-sound","East Coast","sanctsound"
"259","gs://noaa-passive-bioacoustic/sanctsound/audio/sb03/","sb03","SanctSound_SB03_04","SoundTrap 300",2019-06-01,2019-08-02,"42.25542","-70.17901",62,"ONMS-sound","East Coast","sanctsound"
"260","gs://noaa-passive-bioacoustic/sanctsound/audio/sb03/","sb03","SanctSound_SB03_05","SoundTrap 300",2019-08-02,2019-10-05,"42.25551","-70.17906",64,"ONMS-sound","East Coast","sanctsound"
"261","gs://noaa-passive-bioacoustic/sanctsound/audio/sb03/","sb03","SanctSound_SB03_06","SoundTrap 300",2019-10-05,2019-12-06,"42.25553","-70.17897",62,"ONMS-sound","East Coast","sanctsound"
"262","gs://noaa-passive-bioacoustic/sanctsound/audio/sb03/","sb03","SanctSound_SB03_07","SoundTrap 300",2019-12-06,2020-01-03,"42.25554","-70.17945",28,"ONMS-sound","East Coast","sanctsound"
"263","gs://noaa-passive-bioacoustic/sanctsound/audio/sb03/","sb03","SanctSound_SB03_08","SoundTrap 300",2020-01-31,2020-04-07,"42.25523","-70.17963",67,"ONMS-sound","East Coast","sanctsound"
"264","gs://noaa-passive-bioacoustic/sanctsound/audio/sb03/","sb03","SanctSound_SB03_09","SoundTrap 300",2020-04-07,2020-06-12,"42.25499","-70.17908",66,"ONMS-sound","East Coast","sanctsound"
"265","gs://noaa-passive-bioacoustic/sanctsound/audio/sb03/","sb03","SanctSound_SB03_10","SoundTrap 300",2020-06-12,2020-08-14,"42.25498","-70.17913",63,"ONMS-sound","East Coast","sanctsound"
"266","gs://noaa-passive-bioacoustic/sanctsound/audio/sb03/","sb03","11","SoundTrap 300",2020-08-14,2020-09-17,"42.25512","-070.17893",34,"ONMS-sound","East Coast","sanctsound"
"267","gs://noaa-passive-bioacoustic/sanctsound/audio/sb03/","sb03","12","SoundTrap 300",2020-09-17,2020-11-22,"42.25508","-070.17904",66,"ONMS-sound","East Coast","sanctsound"
"268","gs://noaa-passive-bioacoustic/sanctsound/audio/sb03/","sb03","13","SoundTrap 300",2020-11-22,2021-01-21,"42.25532","-070.17894",60,"ONMS-sound","East Coast","sanctsound"
"269","gs://noaa-passive-bioacoustic/sanctsound/audio/sb03/","sb03","14","SoundTrap 300",2021-01-26,2021-02-28,"42.25568","-070.17862",33,"ONMS-sound","East Coast","sanctsound"
"270","gs://noaa-passive-bioacoustic/sanctsound/audio/sb03/","sb03","15","SoundTrap 300",2021-03-21,2021-05-27,"42.25571","-070.17860",67,"ONMS-sound","East Coast","sanctsound"
"271","gs://noaa-passive-bioacoustic/sanctsound/audio/sb03/","sb03","16","SoundTrap 300",2021-05-27,2021-07-27,"42.25571","-070.17870",61,"ONMS-sound","East Coast","sanctsound"
"272","gs://noaa-passive-bioacoustic/sanctsound/audio/sb03/","sb03","17","SoundTrap 300",2021-07-27,2021-09-25,"42.25566","-070.17862",60,"ONMS-sound","East Coast","sanctsound"
"273","gs://noaa-passive-bioacoustic/sanctsound/audio/sb03/","sb03","18","SoundTrap 300",2021-09-25,2021-12-05,"42.25564","-070.17890",71,"ONMS-sound","East Coast","sanctsound"
"274","gs://noaa-passive-bioacoustic/sanctsound/audio/sb03/","sb03","19","SoundTrap 300",2021-12-15,2022-02-16,"42.25542","-070.17858",63,"ONMS-sound","East Coast","sanctsound"
"275","gs://noaa-passive-bioacoustic/sanctsound/audio/sb03/","sb03","20","SoundTrap 300",2022-02-16,2022-04-22,"42.25557","-070.17880",65,"ONMS-sound","East Coast","sanctsound"
"276","gs://noaa-passive-bioacoustic/sanctsound/audio/sb03/","sb03","21","SoundTrap 300",2022-04-22,2022-06-13,"42.25542","-070.17853",52,"ONMS-sound","East Coast","sanctsound"
"282","gs://noaa-passive-bioacoustic/nrs/audio/03/nrs_03_2017-2019","nrs03","2017-2019","AUH",2017-09-18,2019-05-03,"47.7668","-125.525",592,"ONMS-sound","West Coast","NRS"
"283","gs://noaa-passive-bioacoustic/nrs/audio/03/nrs_03_2019-2020","nrs03","2019-2020","AUH",2019-09-12,2020-09-14,"47.76606","-125.52509",368,"ONMS-sound","West Coast","NRS"
"284","gs://noaa-passive-bioacoustic/nrs/audio/03/nrs_03_2020-2022","nrs03","2020-2022","AUH",2020-07-31,2022-06-06,"47.7660","-125.5251",675,"ONMS-sound","West Coast","NRS"
"288","gs://noaa-passive-bioacoustic/nrs/audio/05/nrs_05_2015-2017","nrs05","2015-2017","AUH",2015-11-12,2017-11-21,"33.9","-119.58",740,"ONMS-sound","West Coast","NRS"
"289","gs://noaa-passive-bioacoustic/nrs/audio/05/nrs_05_2018-2020","nrs05","2018-2020","AUH",2018-01-16,2020-01-17,"33.8979","-119.545",731,"ONMS-sound","West Coast","NRS"
"290","gs://noaa-passive-bioacoustic/nrs/audio/05/nrs_05_2019-2021","nrs05","2019-2021","AUH",2019-12-19,2021-12-29,"33.9","-119.58",741,"ONMS-sound","West Coast","NRS"
"296","gs://noaa-passive-bioacoustic/nrs/audio/09/nrs_09_2016-2017","nrs09","2016-2017","AUH",2016-11-08,2017-08-25,"42.4037","-70.12",290,"ONMS-sound","East Coast","NRS"
"297","gs://noaa-passive-bioacoustic/nrs/audio/09/nrs_09_2017-2018","nrs09","2017-2018","AUH",2017-10-10,2018-06-06,"42.40319","-70.12649",239,"ONMS-sound","East Coast","NRS"
"298","gs://noaa-passive-bioacoustic/nrs/audio/09/nrs_09_2018-2019","nrs09","2018-2019","AUH",2018-12-02,2020-01-17,"42.404","-70.1255",411,"ONMS-sound","East Coast","NRS"
"299","gs://noaa-passive-bioacoustic/nrs/audio/09/nrs_09_2019-2020","nrs09","2019-2020","AUH",2019-11-12,2020-11-26,"42.404","-70.1255",380,"ONMS-sound","East Coast","NRS"
"300","gs://noaa-passive-bioacoustic/nrs/audio/09/nrs_09_2020-2021","nrs09","2020-2021","AUH",2020-11-17,2021-11-04,"42.404","-70.1255",352,"ONMS-sound","East Coast","NRS"
"301","gs://noaa-passive-bioacoustic/nrs/audio/09/nrs_09_2021-2022","nrs09","2021-2022","AUH",2021-09-07,2022-10-17,"42.404","-70.1255",405,"ONMS-sound","East Coast","NRS"
"302","gs://noaa-passive-bioacoustic/nrs/audio/09/nrs_09_2022-2023","nrs09","2022-2023","AUH",2022-09-26,2023-08-21,"42.404","-70.1255",329,"ONMS-sound","East Coast","NRS"
"303","gs://noaa-passive-bioacoustic/nrs/audio/10/nrs_10_2015-2016","nrs10","2015-2016","AUH",2015-06-15,2016-04-05,"-14.2686","-170.7196",295,"ONMS-sound","Pacific Islands","NRS"
"304","gs://noaa-passive-bioacoustic/nrs/audio/10/nrs_10_2016-2017","nrs10","2016-2017","AUH",2016-07-15,2016-11-13,"-14.2686","-170.7196",121,"ONMS-sound","Pacific Islands","NRS"
"305","gs://noaa-passive-bioacoustic/nrs/audio/10/nrs_10_2017-2018","nrs10","2017-2018","AUH",2017-06-15,2018-09-02,"-14.2686","-170.7196",444,"ONMS-sound","Pacific Islands","NRS"
"306","gs://noaa-passive-bioacoustic/nrs/audio/10/nrs_10_2019-2020","nrs10","2019-2020","AUH",2018-08-31,2020-04-15,"-14.2686","-170.7196",593,"ONMS-sound","Pacific Islands","NRS"
"307","gs://noaa-passive-bioacoustic/nrs/audio/11/nrs_11_2015-2017","nrs11","2015-2017","AUH",2015-10-18,2017-10-09,"37.88100","-126.43500",722,"ONMS-sound","West Coast","NRS"
"308","gs://noaa-passive-bioacoustic/nrs/audio/11/nrs_11_2019-2021","nrs11","2019-2021","AUH",2019-10-24,2021-10-04,"37.88","-123.45",711,"ONMS-sound","West Coast","NRS"
"314","gs://noaa-passive-bioacoustic/nrs/audio/03/nrs_03_2014-2015/","nrs03","2014-2015","AUH",2014-10-01,2015-07-24,"47.7651","-125.5222",296,"ONMS-sound","West Coast","NRS"
"316","gs://noaa-passive-bioacoustic/nrs/audio/09/nrs_09_2014-2015/","nrs09","2014-2015","AUH",2014-10-21,2015-08-12,"42.4037","-70.1294",295,"ONMS-sound","East Coast","NRS"
